BTER/BTSXUSD,BTSX/USD Exchange Rate
BTER/DRKUSD,DRK/USD Exchange Rate
BTER/XCNBTC,XCN/BTC Exchange Rate
BTER/ZECBTC,ZEC/BTC Exchange Rate
BTER/LTCCNY,LTC/CNY Exchange Rate
BTER/NMCBTC,NMC/BTC Exchange Rate
BTER/XCPBTC,XCP/BTC Exchange Rate
BTER/NXTCNY,NXT/CNY Exchange Rate
BTER/REPCNY,REP/CNY Exchange Rate
BTER/TIXCNY,TIX/CNY Exchange Rate
BTER/DASHBTC,DASH/BTC Exchange Rate
BTER/FRSHBTC,FRSH/BTC Exchange Rate
BTER/TIPSLTC,TIPS/LTC Exchange Rate
BTER/XCPCNY,XCP/CNY Exchange Rate
BTER/DASHCNY,DASH/CNY Exchange Rate
BTER/ETCCNY,ETC/CNY Exchange Rate
BTER/FTCBTC,FTC/BTC Exchange Rate
BTER/PPCBTC,PPC/BTC Exchange Rate
BTER/ETCBTC,ETC/BTC Exchange Rate
BTER/XEMBTC,XEM/BTC Exchange Rate
BTER/ZECCNY,ZEC/CNY Exchange Rate
BTER/XCPNXT,XCP/NXT Exchange Rate
BTER/CNCCNY,CNC/CNY Exchange Rate
BTER/ETHCNY,ETH/CNY Exchange Rate
BTER/TIPSCNY,TIPS/CNY Exchange Rate
BTER/SHELLCNY,SHELL/CNY Exchange Rate
BTER/BTSCNY,BTS/CNY Exchange Rate
BTER/HKGBTC,HKG/BTC Exchange Rate
BTER/BTSNXT,BTS/NXT Exchange Rate
BTER/PPCCNY,PPC/CNY Exchange Rate
BTER/BTSBTC,BTS/BTC Exchange Rate
BTER/QTUMETH,QTUM/ETH Exchange Rate
BTER/DOGECNY,DOGE/CNY Exchange Rate
BTER/DOGEBTC,DOGE/BTC Exchange Rate
BTER/BTCCNY,BTC/CNY Exchange Rate
BTER/XPMCNY,XPM/CNY Exchange Rate
BTER/FTCCNY,FTC/CNY Exchange Rate
BTER/NXTBTC,NXT/BTC Exchange Rate
BTER/XMRBTC,XMR/BTC Exchange Rate
BTER/MGBTC,MG/BTC Exchange Rate
BTER/DRKCNY,DRK/CNY Exchange Rate
BTER/XTCCNY,XTC/CNY Exchange Rate
BTER/CNCBTC,CNC/BTC Exchange Rate
BTER/BTRXBTC,BTRX/BTC Exchange Rate
BTER/NMCCNY,NMC/CNY Exchange Rate
BTER/XTCBTC,XTC/BTC Exchange Rate
BTER/CRSALEBTC,CRSALE/BTC Exchange Rate
BTER/BCNXT,BC/NXT Exchange Rate
BTER/BCBTC,BC/BTC Exchange Rate
BTER/IFCCNY,IFC/CNY Exchange Rate
BTER/BTSXNXT,BTSX/NXT Exchange Rate
BTER/BAYBTC,BAY/BTC Exchange Rate
BTER/SNTTKNBTC,SNTTKN/BTC Exchange Rate
BTER/BTSXBTC,BTSX/BTC Exchange Rate
BTER/BTSXCNY,BTSX/CNY Exchange Rate
BTER/BCCNY,BC/CNY Exchange Rate
BTER/QTUMBTC,QTUM/BTC Exchange Rate
BTER/DRKBTC,DRK/BTC Exchange Rate
BTER/DAOBTC,DAO/BTC Exchange Rate
BTER/DAOCNY,DAO/CNY Exchange Rate
BTER/DTCCNY,DTC/CNY Exchange Rate
BTER/BTCBITUSD,BTC/BITUSD Exchange Rate
BTER/PTSBTC,PTS/BTC Exchange Rate
BTER/YACBTC,YAC/BTC Exchange Rate
BTER/LTSBTC,LTS/BTC Exchange Rate
BTER/ARCHBTC,ARCH/BTC Exchange Rate
BTER/VRCCNY,VRC/CNY Exchange Rate
BTER/NBTCNY,NBT/CNY Exchange Rate
BTER/NXTUSD,NXT/USD Exchange Rate
BTER/ZETBTC,ZET/BTC Exchange Rate
BTER/TBCBTC,TBC/BTC Exchange Rate
BTER/FRCBTC,FRC/BTC Exchange Rate
BTER/QRKCNY,QRK/CNY Exchange Rate
BTER/XCPUSD,XCP/USD Exchange Rate
BTER/DICENXT,DICE/NXT Exchange Rate
BTER/VIABTC,VIA/BTC Exchange Rate
BTER/ATOMICBTC,ATOMIC/BTC Exchange Rate
BTER/WDCBTC,WDC/BTC Exchange Rate
BTER/BLKCNY,BLK/CNY Exchange Rate
BTER/NETLTC,NET/LTC Exchange Rate
BTER/PTSCNY,PTS/CNY Exchange Rate
BTER/TOKENBTCD,TOKEN/BTCD Exchange Rate
BTER/NBTBTC,NBT/BTC Exchange Rate
BTER/C2BTC,C2/BTC Exchange Rate
BTER/TAGBTC,TAG/BTC Exchange Rate
BTER/ZCCBTC,ZCC/BTC Exchange Rate
BTER/QRKBTC,QRK/BTC Exchange Rate
BTER/SRCBTC,SRC/BTC Exchange Rate
BTER/BTQCNY,BTQ/CNY Exchange Rate
BTER/SFRBTC,SFR/BTC Exchange Rate
BTER/VTCBTC,VTC/BTC Exchange Rate
BTER/DICEBTC,DICE/BTC Exchange Rate
BTER/NASBTC,NAS/BTC Exchange Rate
BTER/DVCLTC,DVC/LTC Exchange Rate
BTER/NXTTYBTC,NXTTY/BTC Exchange Rate
BTER/NTXBTC,NTX/BTC Exchange Rate
BTER/ZCCCNY,ZCC/CNY Exchange Rate
BTER/UNITYNXT,UNITY/NXT Exchange Rate
BTER/TAGCNY,TAG/CNY Exchange Rate
BTER/XPMBTC,XPM/BTC Exchange Rate
BTER/COMMBTC,COMM/BTC Exchange Rate
BTER/EXCCNY,EXC/CNY Exchange Rate
BTER/REDLTC,RED/LTC Exchange Rate
BTER/MINTCNY,MINT/CNY Exchange Rate
BTER/TOKENNXT,TOKEN/NXT Exchange Rate
BTER/CENTLTC,CENT/LTC Exchange Rate
BTER/UNITYCNY,UNITY/CNY Exchange Rate
BTER/MECCNY,MEC/CNY Exchange Rate
BTER/DGCCNY,DGC/CNY Exchange Rate
BTER/GMLBTC,GML/BTC Exchange Rate
BTER/SWIFTBTC,SWIFT/BTC Exchange Rate
BTER/TBCCNY,TBC/CNY Exchange Rate
BTER/ZETCNY,ZET/CNY Exchange Rate
BTER/MMCCNY,MMC/CNY Exchange Rate
BTER/BTCUSD,BTC/USD Exchange Rate
BTER/DNSBTC,DNS/BTC Exchange Rate
BTER/BBRBTC,BBR/BTC Exchange Rate
BTER/NETBTC,NET/BTC Exchange Rate
BTER/MINTBTC,MINT/BTC Exchange Rate
BTER/XCBTC,XC/BTC Exchange Rate
BTER/BTCDNXT,BTCD/NXT Exchange Rate
BTER/ETCETH,ETC/ETH Exchange Rate
BTER/MAXCNY,MAX/CNY Exchange Rate
BTER/XCHBTC,XCH/BTC Exchange Rate
BTER/MAXBTC,MAX/BTC Exchange Rate
BTER/LTCUSD,LTC/USD Exchange Rate
BTER/ROXBTC,ROX/BTC Exchange Rate
BTER/QORABTC,QORA/BTC Exchange Rate
BTER/NAVBTC,NAV/BTC Exchange Rate
BTER/BITCNYCNY,BITCNY/CNY Exchange Rate
BTER/BTSUSD,BTS/USD Exchange Rate
BTER/YACCNY,YAC/CNY Exchange Rate
BTER/DRKCBTC,DRKC/BTC Exchange Rate
BTER/CDCBTC,CDC/BTC Exchange Rate
BTER/CENTCNY,CENT/CNY Exchange Rate
BTER/FLTBTC,FLT/BTC Exchange Rate
BTER/MECBTC,MEC/BTC Exchange Rate
BTER/BLOCKBTC,BLOCK/BTC Exchange Rate
BTER/FTPBTC,FTP/BTC Exchange Rate
BTER/SRCCNY,SRC/CNY Exchange Rate
BTER/BLKBTC,BLK/BTC Exchange Rate
BTER/CKCBTC,CKC/BTC Exchange Rate
BTER/GHOSTBTC,GHOST/BTC Exchange Rate
BTER/DASHUSD,DASH/USD Exchange Rate
BTER/MGWBTC,MGW/BTC Exchange Rate
BTER/NODEBTC,NODE/BTC Exchange Rate
BTER/BTBCNY,BTB/CNY Exchange Rate
BTER/NFDLTC,NFD/LTC Exchange Rate
BTER/KDCBTC,KDC/BTC Exchange Rate
BTER/CMCCNY,CMC/CNY Exchange Rate
BTER/MSCBTC,MSC/BTC Exchange Rate
BTER/DVCCNY,DVC/CNY Exchange Rate
BTER/DTCBTC,DTC/BTC Exchange Rate
BTER/SPARKBTC,SPARK/BTC Exchange Rate
BTER/UNITYBTC,UNITY/BTC Exchange Rate
BTER/BITGLDBTC,BITGLD/BTC Exchange Rate
BTER/SLMBTC,SLM/BTC Exchange Rate
BTER/BUKBTC,BUK/BTC Exchange Rate
BTER/MMCBTC,MMC/BTC Exchange Rate
BTER/BTCDBTC,BTCD/BTC Exchange Rate
BTER/NSRBTC,NSR/BTC Exchange Rate
BTER/XCRBTC,XCR/BTC Exchange Rate
BTER/PRTBTC,PRT/BTC Exchange Rate
BTER/EXCBTC,EXC/BTC Exchange Rate
BTER/REDCNY,RED/CNY Exchange Rate
BTER/NXTTYCNY,NXTTY/CNY Exchange Rate
BTER/DOGEUSD,DOGE/USD Exchange Rate
BTER/GEMZBTC,GEMZ/BTC Exchange Rate
BTER/CMCBTC,CMC/BTC Exchange Rate
BTER/VTCCNY,VTC/CNY Exchange Rate
BTER/MRKTBTC,MRKT/BTC Exchange Rate
BTER/BQCCNY,BQC/CNY Exchange Rate
BTER/CTCBTC,CTC/BTC Exchange Rate
BTER/NECBTC,NEC/BTC Exchange Rate
BTER/ETHBTC,ETH/BTC Exchange Rate
BTER/WDCCNY,WDC/CNY Exchange Rate
BTER/BITUSDUSD,BITUSD/USD Exchange Rate
BTER/BQCBTC,BQC/BTC Exchange Rate
BTER/FRCCNY,FRC/CNY Exchange Rate
BTER/ACBTC,AC/BTC Exchange Rate
BTER/NETCNY,NET/CNY Exchange Rate
BTER/NFDBTC,NFD/BTC Exchange Rate
BTER/VRCBTC,VRC/BTC Exchange Rate
BTER/BTRXCNY,BTRX/CNY Exchange Rate
BTER/DGCBTC,DGC/BTC Exchange Rate
BTER/BTBBTC,BTB/BTC Exchange Rate
BTER/TOKENBTC,TOKEN/BTC Exchange Rate
BTER/AURBTC,AUR/BTC Exchange Rate
BTER/TOKENCNY,TOKEN/CNY Exchange Rate
BTER/REPBTC,REP/BTC Exchange Rate
BTER/TIXLTC,TIX/LTC Exchange Rate
BTER/IFCLTC,IFC/LTC Exchange Rate
BTER/XMRCNY,XMR/CNY Exchange Rate
BTER/LTCBTC,LTC/BTC Exchange Rate
